{
    "action_inputs": [
        {
            "allow_multiple": false,
            "available_all_servers": false,
            "description": null,
            "field_dependency_controlling_set": [],
            "field_dependency_dependent_set": [],
            "global_options": [],
            "hide_if_default_value": true,
            "id": "CF-uz4w18ov",
            "label": "Service Name",
            "name": "SERVICE_NAME",
            "placeholder": null,
            "relevant_osfamilies": [],
            "required": true,
            "show_as_attribute": false,
            "show_on_servers": false,
            "type": "STR",
            "value_pattern_string": null
        }
    ],
    "commandline_args": null,
    "credentials": "YOUR_CREDENTIALS",
    "description": "",
    "execution_timeout": 3600,
    "id": "OHK-jaxtr5o8",
    "last_updated": "2024-11-07",
    "max_retries": 0,
    "maximum_version_required": "",
    "minimum_version_required": "8.6",
    "name": "Enable and Start Service",
    "remove_after_run": true,
    "resource_technologies": [],
    "run_with_sudo": true,
    "script_filename": "enable_start_service.sh",
    "shared": true,
    "target_os_families": [
        "Linux -> Oracle Enterprise Linux"
    ],
    "type": "Remote Script"
}