{
    "action_inputs": [
        {
            "allow_multiple": false,
            "available_all_servers": false,
            "description": "",
            "field_dependency_controlling_set": [],
            "field_dependency_dependent_set": [],
            "global_options": [],
            "hide_if_default_value": true,
            "id": "CF-w6usctz4",
            "label": "Extra Args",
            "name": "extra_args",
            "placeholder": null,
            "relevant_osfamilies": [],
            "required": false,
            "show_as_attribute": false,
            "show_on_servers": false,
            "type": "STR",
            "value_pattern_string": ""
        },
        {
            "allow_multiple": false,
            "available_all_servers": false,
            "description": null,
            "field_dependency_controlling_set": [],
            "field_dependency_dependent_set": [],
            "global_options": [],
            "hide_if_default_value": true,
            "id": "CF-qh3j3rd5",
            "label": "Image",
            "name": "image",
            "placeholder": null,
            "relevant_osfamilies": [],
            "required": true,
            "show_as_attribute": false,
            "show_on_servers": false,
            "type": "STR",
            "value_pattern_string": null
        },
        {
            "allow_multiple": false,
            "available_all_servers": false,
            "description": null,
            "field_dependency_controlling_set": [],
            "field_dependency_dependent_set": [],
            "global_options": [],
            "hide_if_default_value": true,
            "id": "CF-7t1lyoe2",
            "label": "Name",
            "name": "name",
            "placeholder": null,
            "relevant_osfamilies": [],
            "required": true,
            "show_as_attribute": false,
            "show_on_servers": false,
            "type": "STR",
            "value_pattern_string": null
        },
        {
            "allow_multiple": false,
            "available_all_servers": false,
            "description": null,
            "field_dependency_controlling_set": [],
            "field_dependency_dependent_set": [],
            "global_options": [],
            "hide_if_default_value": true,
            "id": "CF-wwg8ckie",
            "label": "Port Mappings",
            "name": "port_mappings",
            "placeholder": null,
            "relevant_osfamilies": [],
            "required": true,
            "show_as_attribute": false,
            "show_on_servers": false,
            "type": "STR",
            "value_pattern_string": null
        }
    ],
    "action_inputs_sequence": [
        "port_mappings",
        "name",
        "extra_args",
        "image"
    ],
    "commandline_args": null,
    "credentials": "YOUR_CREDENTIALS",
    "description": "",
    "execution_timeout": 3600,
    "id": "OHK-ces1qsya",
    "last_updated": "2024-11-07",
    "max_retries": 0,
    "maximum_version_required": "",
    "minimum_version_required": "8.6",
    "name": "Run Docker Container",
    "remove_after_run": true,
    "resource_technologies": [],
    "run_with_sudo": true,
    "script_filename": "run_docker_container.sh",
    "shared": true,
    "target_os_families": [
        "Linux -> Oracle Enterprise Linux"
    ],
    "type": "Remote Script"
}